{"input_neuron_names": ["066a", "066a", "066a", "066a", "067a", "067a", "067a", "067a", "068a", "068a", "068a", "068a", "069a", "069a", "069a", "069a", "071a", "071a", "071a", "071a", "073a", "073a", "073a", "073a", "076a", "076a", "076a", "076a", "077a", "077a", "077a", "077a", "077b", "077b", "077b", "077b", "077c", "077c", "077c", "077c", "079a", "079a", "079a", "079a", "080a", "080a", "080a", "080a", "080b", "080b", "080b", "080b", "081a", "081a", "081a", "081a", "082a", "082a", "082a", "082a", "083a", "083a", "083a", "083a", "084a", "084a", "084a", "084a", "085a", "085a", "085a", "085a", "086a", "086a", "086a", "086a", "087a", "087a", "087a", "087a", "087b", "087b", "087b", "087b", "087c", "087c", "087c", "087c", "088a", "088a", "088a", "088a", "089a", "089a", "089a", "089a", "089b", "089b", "089b", "089b", "093a", "093a", "093a", "093a", "093b", "093b", "093b", "093b", "095a", "095a", "095a", "095a", "096a", "096a", "096a", "096a", "096b", "096b", "096b", "096b", "099a", "099a", "099a", "099a", "100a", "100a", "100a", "100a", "101a", "101a", "101a", "101a", "105a", "105a", "105a", "105a", "106a", "106a", "106a", "106a", "108a", "108a", "108a", "108a", "109a", "109a", "109a", "109a", "110a", "110a", "110a", "110a", "111a", "111a", "111a", "111a", "111b", "111b", "111b", "111b", "112a", "112a", "112a", "112a", "112c", "112c", "112c", "112c", "113a", "113a", "113a", "113a", "113b", "113b", "113b", "113b", "114a", "114a", "114a", "114a", "115a", "115a", "115a", "115a", "115b", "115b", "115b", "115b", "116a", "116a", "116a", "116a", "116b", "116b", "116b", "116b", "117a", "117a", "117a", "117a", "118a", "118a", "118a", "118a", "119a", "119a", "119a", "119a", "123a", "123a", "123a", "123a", "123b", "123b", "123b", "123b"], "weights": [{"neuron": "066a", "auc": 0.0007367927903797843, "dist": 0.004164316225796938, "svd_max1": 0.03311590850353241, "svd_avg1": 0.026302551850676537, "svd_max": 0.001096663298085332, "svd_avg": 0.0007339202566072345}, {"neuron": "067a", "auc": 0.00012969307029788262, "dist": 0.0008444431005045772, "svd_max1": 0.02001482993364334, "svd_avg1": 0.015990249812602997, "svd_max": 0.0004005933878943324, "svd_avg": 0.00026589055778458714}, {"neuron": "068a", "auc": -0.0014439555043966816, "dist": 0.003342233831062913, "svd_max1": 0.025704722851514816, "svd_avg1": 0.023756595328450203, "svd_max": 0.0006607327959500253, "svd_avg": 0.0005681106122210622}, {"neuron": "069a", "auc": 0.003888845516953341, "dist": 0.0025854012928903103, "svd_max1": 0.03965626284480095, "svd_avg1": 0.02405780740082264, "svd_max": 0.001572619192302227, "svd_avg": 0.0006769434548914433}, {"neuron": "071a", "auc": 0.0010643697917088438, "dist": 0.0033048782497644424, "svd_max1": 0.03847774118185043, "svd_avg1": 0.02712680958211422, "svd_max": 0.0014805365353822708, "svd_avg": 0.0008028199663385749}, {"neuron": "073a", "auc": 0.0006749609071443258, "dist": 0.00536193884909153, "svd_max1": 0.03948398679494858, "svd_avg1": 0.03235367313027382, "svd_max": 0.0015589850954711437, "svd_avg": 0.001078383531421423}, {"neuron": "076a", "auc": -0.00012084429792344053, "dist": 0.003585717175155878, "svd_max1": 0.04170330613851547, "svd_avg1": 0.0264882892370224, "svd_max": 0.0017391658620908856, "svd_avg": 0.000904086627997458}, {"neuron": "077a", "auc": 0.012417515240671678, "dist": 0.013770467601716518, "svd_max1": 0.0480283759534359, "svd_avg1": 0.04357488453388214, "svd_max": 0.002306724898517132, "svd_avg": 0.0019056688761338592}, {"neuron": "077b", "auc": 0.0019415061810317494, "dist": 0.003202452789992094, "svd_max1": 0.04125666245818138, "svd_avg1": 0.026502350345253944, "svd_max": 0.0017021122621372342, "svd_avg": 0.0008425790583714843}, {"neuron": "077c", "auc": 0.00440929651302872, "dist": 0.008234193548560143, "svd_max1": 0.06860563904047012, "svd_avg1": 0.04130285978317261, "svd_max": 0.004706733860075474, "svd_avg": 0.002006501890718937}, {"neuron": "079a", "auc": -0.00028018951478840117, "dist": 0.0020895458292216063, "svd_max1": 0.04083625227212906, "svd_avg1": 0.014329500496387482, "svd_max": 0.0016675994265824556, "svd_avg": 0.0004501463263295591}, {"neuron": "080a", "auc": 0.0034145915957957923, "dist": 0.002238019835203886, "svd_max1": 0.04482954740524292, "svd_avg1": 0.019856732338666916, "svd_max": 0.0020096884109079838, "svd_avg": 0.0006278335931710899}, {"neuron": "080b", "auc": 0.001383399278946148, "dist": 0.0037458748556673527, "svd_max1": 0.04554425925016403, "svd_avg1": 0.024315733462572098, "svd_max": 0.0020742795895785093, "svd_avg": 0.0008252648985944688}, {"neuron": "081a", "auc": 0.0016972406130028566, "dist": 0.0004253188380971551, "svd_max1": 0.014388411305844784, "svd_avg1": 0.008943815715610981, "svd_max": 0.00020702637266367674, "svd_avg": 9.047997446032241e-05}, {"neuron": "082a", "auc": 0.0018886805962512116, "dist": 0.0035706404596567154, "svd_max1": 0.029711203649640083, "svd_avg1": 0.025943053886294365, "svd_max": 0.000882755673956126, "svd_avg": 0.0006827259203419089}, {"neuron": "083a", "auc": 0.0014696493598947372, "dist": 0.0009777151281014085, "svd_max1": 0.02778860367834568, "svd_avg1": 0.013864187523722649, "svd_max": 0.0007722064619883895, "svd_avg": 0.00025783979799598455}, {"neuron": "084a", "auc": 0.00382126379384775, "dist": 0.0035018872004002333, "svd_max1": 0.0447644479572773, "svd_avg1": 0.024456162005662918, "svd_max": 0.0020038557704538107, "svd_avg": 0.0008115099044516683}, {"neuron": "085a", "auc": -0.0025344638662122836, "dist": 0.004744554404169321, "svd_max1": 0.04784626513719559, "svd_avg1": 0.03035075217485428, "svd_max": 0.002289264928549528, "svd_avg": 0.0010607937583699822}, {"neuron": "086a", "auc": 0.001005078464819018, "dist": 0.002683473052456975, "svd_max1": 0.030814386904239655, "svd_avg1": 0.02222335711121559, "svd_max": 0.0009495264966972172, "svd_avg": 0.0005789236747659743}, {"neuron": "087a", "auc": 0.009490633769348798, "dist": 0.005397228989750147, "svd_max1": 0.0509338416159153, "svd_avg1": 0.030575474724173546, "svd_max": 0.0025942563079297543, "svd_avg": 0.0011628078063949943}, {"neuron": "087b", "auc": 0.009627878435787458, "dist": 0.006483887787908316, "svd_max1": 0.039250753819942474, "svd_avg1": 0.03236476331949234, "svd_max": 0.0015406216261908412, "svd_avg": 0.001087295706383884}, {"neuron": "087c", "auc": 0.0006427102699457286, "dist": 0.009187146089971066, "svd_max1": 0.051303714513778687, "svd_avg1": 0.04173806682229042, "svd_max": 0.002632071264088154, "svd_avg": 0.001843923470005393}, {"neuron": "088a", "auc": -5.092147793973956e-06, "dist": 0.0007951565203256905, "svd_max1": 0.020856251940131187, "svd_avg1": 0.01205386035144329, "svd_max": 0.0004349832597654313, "svd_avg": 0.00018603214994072914}, {"neuron": "089a", "auc": 0.0030888828372267548, "dist": 0.002261314308270812, "svd_max1": 0.03902790695428848, "svd_avg1": 0.021150637418031693, "svd_max": 0.0015231776051223278, "svd_avg": 0.0005790541181340814}, {"neuron": "089b", "auc": -0.001129395785203286, "dist": 0.0029853435698896646, "svd_max1": 0.03416723385453224, "svd_avg1": 0.025630678981542587, "svd_max": 0.0011673998087644577, "svd_avg": 0.0006925655761733651}, {"neuron": "093a", "auc": 0.005857943866895861, "dist": 0.009241458028554916, "svd_max1": 0.05894108861684799, "svd_avg1": 0.040755655616521835, "svd_max": 0.0034740520641207695, "svd_avg": 0.0019051694544032216}, {"neuron": "093b", "auc": 0.0018417541010942915, "dist": 0.006890634074807167, "svd_max1": 0.04037683829665184, "svd_avg1": 0.035984523594379425, "svd_max": 0.0016302891308441758, "svd_avg": 0.0013039566110819578}, {"neuron": "095a", "auc": 0.0020734068234743025, "dist": 0.002649666741490364, "svd_max1": 0.058044519275426865, "svd_avg1": 0.026271656155586243, "svd_max": 0.003369166050106287, "svd_avg": 0.001218023826368153}, {"neuron": "096a", "auc": 6.161945752284008e-05, "dist": 0.009272502735257149, "svd_max1": 0.05309753119945526, "svd_avg1": 0.03977113962173462, "svd_max": 0.0028193476609885693,